key,file,line,section,subsection,title,context,title_token_coverage
wadler1990,paper/sections/01-introduction.tex,9,Introduction,,,"between them. Deforestation and stream fusion established this pattern for functional programs~\cite{wadler1990,gill1993,coutts2007,kiselyov2017}. Database systems pipeline operators when buffers and access orders permit",0.0
gill1993,paper/sections/01-introduction.tex,9,Introduction,,,"between them. Deforestation and stream fusion established this pattern for functional programs~\cite{wadler1990,gill1993,coutts2007,kiselyov2017}. Database systems pipeline operators when buffers and access orders permit",0.0
coutts2007,paper/sections/01-introduction.tex,9,Introduction,,,"between them. Deforestation and stream fusion established this pattern for functional programs~\cite{wadler1990,gill1993,coutts2007,kiselyov2017}. Database systems pipeline operators when buffers and access orders permit",0.0
kiselyov2017,paper/sections/01-introduction.tex,9,Introduction,,,"between them. Deforestation and stream fusion established this pattern for functional programs~\cite{wadler1990,gill1993,coutts2007,kiselyov2017}. Database systems pipeline operators when buffers and access orders permit",0.0
graefe1993,paper/sections/01-introduction.tex,11,Introduction,,,"Database systems pipeline operators when buffers and access orders permit it~\cite{graefe1993,dalvi2003}. Recent intermediate representations fuse sparse tensor and relational contractions~\cite{kovach2023}, and a compiler for",0.0
dalvi2003,paper/sections/01-introduction.tex,11,Introduction,,,"Database systems pipeline operators when buffers and access orders permit it~\cite{graefe1993,dalvi2003}. Recent intermediate representations fuse sparse tensor and relational contractions~\cite{kovach2023}, and a compiler for",0.0
kovach2023,paper/sections/01-introduction.tex,12,Introduction,,,"it~\cite{graefe1993,dalvi2003}. Recent intermediate representations fuse sparse tensor and relational contractions~\cite{kovach2023}, and a compiler for relational operations on multisets combines iteration machines, layout",0.0
dong2026,paper/sections/01-introduction.tex,15,Introduction,,,"selection, and low-level relational abstractions while preserving bag semantics~\cite{dong2026}. These works make fusion concrete and useful. ",0.0
cohen1993,paper/sections/01-introduction.tex,137,Introduction,Contributions,," Here $\rankN(A)$ is nonnegative integer factorization rank, an established matrix measure~\cite{cohen1993,gouveia2026}. The lower bound does not assume that summaries are linear. It permits arbitrary zero-preserving positive",0.0
gouveia2026,paper/sections/01-introduction.tex,137,Introduction,Contributions,," Here $\rankN(A)$ is nonnegative integer factorization rank, an established matrix measure~\cite{cohen1993,gouveia2026}. The lower bound does not assume that summaries are linear. It permits arbitrary zero-preserving positive",0.0
dong2026,paper/sections/01-introduction.tex,168,Introduction,Relation to the closest multiset compiler,,"coordinating iteration machines, layouts, and relational lowering choices~\cite{dong2026}. Its concrete representation may use temporary storage for operations whose iteration cannot be expressed in one chosen traversal.",0.0
kovach2023,paper/sections/01-introduction.tex,173,Introduction,Relation to the closest multiset compiler,,provides a formal operational IR for fused contraction programs and proves correctness with respect to a functional semantics~\cite{kovach2023}. ,0.0
kiselyov2017,paper/sections/01-introduction.tex,183,Introduction,Relation to the closest multiset compiler,,"perspective also explains why stream-fusion completeness results correctly state a language or representation boundary~\cite{kiselyov2017,kiselyov2026}, and why I/O lower-bound models begin by defining legal moves~\cite{hong1981}.",0.0
kiselyov2026,paper/sections/01-introduction.tex,183,Introduction,Relation to the closest multiset compiler,,"perspective also explains why stream-fusion completeness results correctly state a language or representation boundary~\cite{kiselyov2017,kiselyov2026}, and why I/O lower-bound models begin by defining legal moves~\cite{hong1981}.",0.0
hong1981,paper/sections/01-introduction.tex,184,Introduction,Relation to the closest multiset compiler,,"state a language or representation boundary~\cite{kiselyov2017,kiselyov2026}, and why I/O lower-bound models begin by defining legal moves~\cite{hong1981}. ",0.0
codd1970,paper/sections/02-calculus.tex,29,A Typed Finite Bag Calculus,"Types, values, and finite bags",,The classical relational model presents relations extensionally as sets \cite{codd1970}. Database practice and theory also require duplicate-sensitive collections: multiset mathematics supplies the finite-counting structure,0.0
syropoulos2001,paper/sections/02-calculus.tex,31,A Typed Finite Bag Calculus,"Types, values, and finite bags",,"collections: multiset mathematics supplies the finite-counting structure \cite{syropoulos2001}, database-specific treatments explain how multiplicity interacts with query operators~\cite{lamperti2001}, and bag query languages make",0.0
lamperti2001,paper/sections/02-calculus.tex,32,A Typed Finite Bag Calculus,"Types, values, and finite bags",,"\cite{syropoulos2001}, database-specific treatments explain how multiplicity interacts with query operators~\cite{lamperti2001}, and bag query languages make aggregation and duplicate behavior explicit~\cite{libkin1997}. Our calculus is",0.0
libkin1997,paper/sections/02-calculus.tex,33,A Typed Finite Bag Calculus,"Types, values, and finite bags",,"interacts with query operators~\cite{lamperti2001}, and bag query languages make aggregation and duplicate behavior explicit~\cite{libkin1997}. Our calculus is a deliberately small typed core of that tradition rather than a reconstruction",0.0
hong1981,paper/sections/03-capabilities.tex,252,Capability-Indexed Resource Semantics,Strict same-denotation separations,,of the machine to determine the implementation set and cost unit. A red-blue pebble theorem does this by fixing legal graph moves~\cite{hong1981}; an external memory theorem fixes blocks and internal capacity~\cite{aggarwal1988}; a,0.0
aggarwal1988,paper/sections/03-capabilities.tex,253,Capability-Indexed Resource Semantics,Strict same-denotation separations,,pebble theorem does this by fixing legal graph moves~\cite{hong1981}; an external memory theorem fixes blocks and internal capacity~\cite{aggarwal1988}; a communication theorem fixes a protocol interface~\cite{kushilevitz1997}. A bag,0.0
kushilevitz1997,paper/sections/03-capabilities.tex,254,Capability-Indexed Resource Semantics,Strict same-denotation separations,,memory theorem fixes blocks and internal capacity~\cite{aggarwal1988}; a communication theorem fixes a protocol interface~\cite{kushilevitz1997}. A bag fusion theorem needs the analogous declaration.,0.0
kushilevitz1997,paper/sections/05-residual.tex,218,Exact Residual-State Traffic at a Finite Barrier,Relation to established state and communication measures,,"begins by fixing which party sees which input and what transcript is charged \cite{kushilevitz1997}. The present theorem does not claim a new lower-bound measure. Its role is to embed the measure in a bag resource semantics, pair it",0.0
necula1997,paper/sections/05-residual.tex,226,Exact Residual-State Traffic at a Finite Barrier,Relation to established state and communication measures,,"and runs the decoder. Unlike proof-carrying code or a verified general compiler~\cite{necula1997,leroy2009}, the retained checker is a small unverified program and the general theorem remains handwritten. Section~\ref{sec:evidence}",0.0
leroy2009,paper/sections/05-residual.tex,226,Exact Residual-State Traffic at a Finite Barrier,Relation to established state and communication measures,,"and runs the decoder. Unlike proof-carrying code or a verified general compiler~\cite{necula1997,leroy2009}, the retained checker is a small unverified program and the general theorem remains handwritten. Section~\ref{sec:evidence}",0.0
cohen1993,paper/sections/06-positive.tex,73,Exact Positive Count-Word Traffic for Bilinear Bags,Nonnegative integer factorization rank,,"was developed as a decomposition invariant over the nonnegative reals \cite{cohen1993}; restricting the factors to $\Nat$ gives the integer variant studied here, whose low-rank structure and algorithms remain active topics",0.0
gouveia2026,paper/sections/06-positive.tex,75,Exact Positive Count-Word Traffic for Bilinear Bags,Nonnegative integer factorization rank,,"studied here, whose low-rank structure and algorithms remain active topics \cite{gouveia2026}. We do not claim to introduce either measure. The new role here is operational: under the declared positive barrier, a",0.0
jerrum1982,paper/sections/06-positive.tex,296,Exact Positive Count-Word Traffic for Bilinear Bags,Relation to monotone algebra and rank,,Semiring circuit lower bounds already show that removing subtraction can fundamentally change exact computation cost~\cite{jerrum1982}. Nonnegative rank also mediates extension-complexity lower bounds~\cite{yannakakis1988} and,0.0
yannakakis1988,paper/sections/06-positive.tex,297,Exact Positive Count-Word Traffic for Bilinear Bags,Relation to monotone algebra and rank,,fundamentally change exact computation cost~\cite{jerrum1982}. Nonnegative rank also mediates extension-complexity lower bounds~\cite{yannakakis1988} and characterizes or lower-bounds several monotone models; the relationship depends,0.0
fournier2019,paper/sections/06-positive.tex,299,Exact Positive Count-Word Traffic for Bilinear Bags,Relation to monotone algebra and rank,,characterizes or lower-bounds several monotone models; the relationship depends sensitively on depth and operations~\cite{fournier2019}. Our result does not claim that one rank measure,0.0
quillere2000,paper/sections/06-positive.tex,309,Exact Positive Count-Word Traffic for Bilinear Bags,Relation to monotone algebra and rank,,allocation results that pair a tight bound with a schedule \cite{quillere2000}. Its practical use would depend on obtaining good factorizations without exponential search and on extending the cost model to,0.0
meijer1991,paper/sections/08-evidence-related.tex,218,"Executable Evidence, Related Work, and Limitations",Fusion and intermediate elimination,," Recursion schemes expose algebraic producer/consumer structure~\cite{meijer1991}, and deforestation removes intermediate trees by program transformation",0.0
wadler1990,paper/sections/08-evidence-related.tex,220,"Executable Evidence, Related Work, and Limitations",Fusion and intermediate elimination,,and deforestation removes intermediate trees by program transformation \cite{wadler1990}. Shortcut and warm-fusion rules make local elimination practical for recursive and accumulating producers,0.0
gill1993,paper/sections/08-evidence-related.tex,222,"Executable Evidence, Related Work, and Limitations",Fusion and intermediate elimination,,"practical for recursive and accumulating producers \cite{gill1993,launchbury1995}; stream fusion chooses an explicit stream representation to eliminate intermediate lists~\cite{coutts2007}. Later work",0.0
launchbury1995,paper/sections/08-evidence-related.tex,222,"Executable Evidence, Related Work, and Limitations",Fusion and intermediate elimination,,"practical for recursive and accumulating producers \cite{gill1993,launchbury1995}; stream fusion chooses an explicit stream representation to eliminate intermediate lists~\cite{coutts2007}. Later work",0.0
coutts2007,paper/sections/08-evidence-related.tex,223,"Executable Evidence, Related Work, and Limitations",Fusion and intermediate elimination,,"\cite{gill1993,launchbury1995}; stream fusion chooses an explicit stream representation to eliminate intermediate lists~\cite{coutts2007}. Later work states completeness relative to a stream language and normalization method",0.0
kiselyov2017,paper/sections/08-evidence-related.tex,225,"Executable Evidence, Related Work, and Limitations",Fusion and intermediate elimination,,"states completeness relative to a stream language and normalization method \cite{kiselyov2017}, with current extensions addressing stateful streams \cite{kiselyov2026}. These results motivate our insistence that completeness",0.0
kiselyov2026,paper/sections/08-evidence-related.tex,226,"Executable Evidence, Related Work, and Limitations",Fusion and intermediate elimination,,"\cite{kiselyov2017}, with current extensions addressing stateful streams \cite{kiselyov2026}. These results motivate our insistence that completeness has a language and representation boundary. The present work does not replace",0.0
selinger1979,paper/sections/08-evidence-related.tex,236,"Executable Evidence, Related Work, and Limitations",Relational execution and query compilation,,"execution. Selinger-style optimization assigns costs to alternative access paths under a concrete execution model~\cite{selinger1979}, and later surveys make the dependence on statistics, operators, and physical properties explicit",0.0
chaudhuri1998,paper/sections/08-evidence-related.tex,238,"Executable Evidence, Related Work, and Limitations",Relational execution and query compilation,,"make the dependence on statistics, operators, and physical properties explicit \cite{chaudhuri1998}. Database architecture accounts likewise distinguish storage, access methods, query processing, and transaction machinery",0.0
hellerstein2007,paper/sections/08-evidence-related.tex,240,"Executable Evidence, Related Work, and Limitations",Relational execution and query compilation,,"storage, access methods, query processing, and transaction machinery \cite{hellerstein2007}. Our capability signature is much smaller, but follows the same discipline: an ``optimum'' is meaningful only after the admissible",0.0
graefe1994,paper/sections/08-evidence-related.tex,245,"Executable Evidence, Related Work, and Limitations",Relational execution and query compilation,,"Iterator execution in Volcano exposes one tuple at a time through a fixed operator interface~\cite{graefe1994}, while a broader survey catalogues pipelining, materialization, and blocking operators~\cite{graefe1993}.",0.0
graefe1993,paper/sections/08-evidence-related.tex,246,"Executable Evidence, Related Work, and Limitations",Relational execution and query compilation,,"operator interface~\cite{graefe1994}, while a broader survey catalogues pipelining, materialization, and blocking operators~\cite{graefe1993}. Column-oriented storage changes the representation and scan interface",0.0
abadi2008,paper/sections/08-evidence-related.tex,248,"Executable Evidence, Related Work, and Limitations",Relational execution and query compilation,,Column-oriented storage changes the representation and scan interface \cite{abadi2008}; MonetDB/X100 obtains CPU efficiency through vectorized batches~\cite{boncz2005}; and HyPer compiles data-centric pipelines separated,0.0
boncz2005,paper/sections/08-evidence-related.tex,249,"Executable Evidence, Related Work, and Limitations",Relational execution and query compilation,,"\cite{abadi2008}; MonetDB/X100 obtains CPU efficiency through vectorized batches~\cite{boncz2005}; and HyPer compiles data-centric pipelines separated by pipeline breakers, with morsel-driven scheduling making parallel execution and",0.0
kemper2011,paper/sections/08-evidence-related.tex,251,"Executable Evidence, Related Work, and Limitations",Relational execution and query compilation,,"by pipeline breakers, with morsel-driven scheduling making parallel execution and NUMA placement explicit~\cite{kemper2011,neumann2011,leis2014}. High-level generative and staged designs show that query-engine architecture itself can be specialized",0.0
neumann2011,paper/sections/08-evidence-related.tex,251,"Executable Evidence, Related Work, and Limitations",Relational execution and query compilation,,"by pipeline breakers, with morsel-driven scheduling making parallel execution and NUMA placement explicit~\cite{kemper2011,neumann2011,leis2014}. High-level generative and staged designs show that query-engine architecture itself can be specialized",0.0
leis2014,paper/sections/08-evidence-related.tex,251,"Executable Evidence, Related Work, and Limitations",Relational execution and query compilation,,"by pipeline breakers, with morsel-driven scheduling making parallel execution and NUMA placement explicit~\cite{kemper2011,neumann2011,leis2014}. High-level generative and staged designs show that query-engine architecture itself can be specialized",0.0
shaikhha2018,paper/sections/08-evidence-related.tex,254,"Executable Evidence, Related Work, and Limitations",Relational execution and query compilation,,"without fixing one low-level pipeline representation \cite{shaikhha2018,tahboub2018}. Relaxed operator fusion combines compilation with vectorized stages~\cite{menon2017}, and direct experimental comparison",0.0
tahboub2018,paper/sections/08-evidence-related.tex,254,"Executable Evidence, Related Work, and Limitations",Relational execution and query compilation,,"without fixing one low-level pipeline representation \cite{shaikhha2018,tahboub2018}. Relaxed operator fusion combines compilation with vectorized stages~\cite{menon2017}, and direct experimental comparison",0.0
menon2017,paper/sections/08-evidence-related.tex,255,"Executable Evidence, Related Work, and Limitations",Relational execution and query compilation,,"\cite{shaikhha2018,tahboub2018}. Relaxed operator fusion combines compilation with vectorized stages~\cite{menon2017}, and direct experimental comparison shows that compiled and vectorized execution expose different",0.0
kersten2018,paper/sections/08-evidence-related.tex,257,"Executable Evidence, Related Work, and Limitations",Relational execution and query compilation,,shows that compiled and vectorized execution expose different microarchitectural tradeoffs~\cite{kersten2018}. Umbra further shows that even a system derived from an in-memory engine changes behavior when the storage,0.0
neumann2020,paper/sections/08-evidence-related.tex,259,"Executable Evidence, Related Work, and Limitations",Relational execution and query compilation,,a system derived from an in-memory engine changes behavior when the storage capability includes an SSD-backed buffer manager~\cite{neumann2020}. These systems are not baselines for our tiny reference machines; they are evidence,0.0
dalvi2003,paper/sections/08-evidence-related.tex,265,"Executable Evidence, Related Work, and Limitations",Relational execution and query compilation,,Multi-query pipelining makes sharing and buffering choices explicit \cite{dalvi2003}; higher-order delta processing deliberately materializes and compiles mutually maintained views~\cite{ahmad2012}. PolyMage jointly models fusion and tile size for image,0.0
ahmad2012,paper/sections/08-evidence-related.tex,266,"Executable Evidence, Related Work, and Limitations",Relational execution and query compilation,,\cite{dalvi2003}; higher-order delta processing deliberately materializes and compiles mutually maintained views~\cite{ahmad2012}. PolyMage jointly models fusion and tile size for image pipelines and validates choices on a target implementation~\cite{jangda2020}.,0.0
jangda2020,paper/sections/08-evidence-related.tex,267,"Executable Evidence, Related Work, and Limitations",Relational execution and query compilation,,compiles mutually maintained views~\cite{ahmad2012}. PolyMage jointly models fusion and tile size for image pipelines and validates choices on a target implementation~\cite{jangda2020}. Both exemplify system-relative cost models. Our work instead proves exact,0.0
ngo2012,paper/sections/08-evidence-related.tex,276,"Executable Evidence, Related Work, and Limitations",Join algorithms and fused multiset compilation,,reordering binary joins. The original Generic Join result gives an algorithm matching worst-case output-size bounds~\cite{ngo2012}; subsequent exposition identifies skew and query structure as central design variables,0.0
ngo2014,paper/sections/08-evidence-related.tex,278,"Executable Evidence, Related Work, and Limitations",Join algorithms and fused multiset compilation,,"identifies skew and query structure as central design variables \cite{ngo2014}, and the journal treatment develops the theory in full \cite{ngo2018}. Leapfrog Triejoin realizes the same worst-case-optimal goal",0.0
ngo2018,paper/sections/08-evidence-related.tex,279,"Executable Evidence, Related Work, and Limitations",Join algorithms and fused multiset compilation,,"\cite{ngo2014}, and the journal treatment develops the theory in full \cite{ngo2018}. Leapfrog Triejoin realizes the same worst-case-optimal goal through ordered tries~\cite{veldhuizen2014}. EmptyHeaded incorporates such",0.0
veldhuizen2014,paper/sections/08-evidence-related.tex,280,"Executable Evidence, Related Work, and Limitations",Join algorithms and fused multiset compilation,,"\cite{ngo2018}. Leapfrog Triejoin realizes the same worst-case-optimal goal through ordered tries~\cite{veldhuizen2014}. EmptyHeaded incorporates such ideas into a graph-oriented relational engine~\cite{aberger2017}, and later",0.0
aberger2017,paper/sections/08-evidence-related.tex,281,"Executable Evidence, Related Work, and Limitations",Join algorithms and fused multiset compilation,,"through ordered tries~\cite{veldhuizen2014}. EmptyHeaded incorporates such ideas into a graph-oriented relational engine~\cite{aberger2017}, and later work studies their adoption inside a conventional relational system",0.0
freitag2020,paper/sections/08-evidence-related.tex,283,"Executable Evidence, Related Work, and Limitations",Join algorithms and fused multiset compilation,,work studies their adoption inside a conventional relational system \cite{freitag2020}. Free Join unifies traditional and worst-case-optimal plans through a broader plan and data-structure interface~\cite{wang2023}. Factorised query representations instead use distributivity,0.0
wang2023,paper/sections/08-evidence-related.tex,284,"Executable Evidence, Related Work, and Limitations",Join algorithms and fused multiset compilation,,\cite{freitag2020}. Free Join unifies traditional and worst-case-optimal plans through a broader plan and data-structure interface~\cite{wang2023}. Factorised query representations instead use distributivity to reduce result size under query-dependent factorisation trees,0.0
olteanu2015,paper/sections/08-evidence-related.tex,286,"Executable Evidence, Related Work, and Limitations",Join algorithms and fused multiset compilation,,to reduce result size under query-dependent factorisation trees \cite{olteanu2015}. These algorithms optimize time and output-sensitive work under their own access models; none supplies a machine-independent materialization optimum.,0.0
kovach2023,paper/sections/08-evidence-related.tex,290,"Executable Evidence, Related Work, and Limitations",Join algorithms and fused multiset compilation,,Indexed Streams gives a formal intermediate representation for fused contraction programs~\cite{kovach2023}. Dong and Kjolstad's multiset compiler uses iteration machines and a relational lowering IR to preserve bag semantics,0.0
dong2026,paper/sections/08-evidence-related.tex,292,"Executable Evidence, Related Work, and Limitations",Join algorithms and fused multiset compilation,,uses iteration machines and a relational lowering IR to preserve bag semantics while fusing a broad operator set~\cite{dong2026}. It is the closest concrete system and the research origin for our question. Our delta is not operator,0.0
kjolstad2017,paper/sections/08-evidence-related.tex,305,"Executable Evidence, Related Work, and Limitations",Sparse tensor and collection intermediate representations,,"lattices for format-independent sparse tensor code generation \cite{kjolstad2017}; format abstraction enlarged the supported storage-format space, including dynamic pointer-based structures",0.0
chou2018,paper/sections/08-evidence-related.tex,307,"Executable Evidence, Related Work, and Limitations",Sparse tensor and collection intermediate representations,,"space, including dynamic pointer-based structures \cite{chou2018,choudynamic2022}. Generated conversion routines make remapping, analysis, and assembly explicit~\cite{chou2020}, while MLIR integration exposes sparse",0.0
choudynamic2022,paper/sections/08-evidence-related.tex,307,"Executable Evidence, Related Work, and Limitations",Sparse tensor and collection intermediate representations,,"space, including dynamic pointer-based structures \cite{chou2018,choudynamic2022}. Generated conversion routines make remapping, analysis, and assembly explicit~\cite{chou2020}, while MLIR integration exposes sparse",0.0
chou2020,paper/sections/08-evidence-related.tex,308,"Executable Evidence, Related Work, and Limitations",Sparse tensor and collection intermediate representations,,"\cite{chou2018,choudynamic2022}. Generated conversion routines make remapping, analysis, and assembly explicit~\cite{chou2020}, while MLIR integration exposes sparse iteration through a general compiler infrastructure~\cite{bik2022}. Workspaces",0.0
bik2022,paper/sections/08-evidence-related.tex,309,"Executable Evidence, Related Work, and Limitations",Sparse tensor and collection intermediate representations,,"and assembly explicit~\cite{chou2020}, while MLIR integration exposes sparse iteration through a general compiler infrastructure~\cite{bik2022}. Workspaces make selected intermediate computations explicit when direct fused code is",0.0
kjolstad2019,paper/sections/08-evidence-related.tex,311,"Executable Evidence, Related Work, and Limitations",Sparse tensor and collection intermediate representations,,"make selected intermediate computations explicit when direct fused code is inadequate~\cite{kjolstad2019}, and sparse transformations and asymptotic autoscheduling, structured coiteration, and distributed mapping separate",0.0
senanayake2020,paper/sections/08-evidence-related.tex,314,"Executable Evidence, Related Work, and Limitations",Sparse tensor and collection intermediate representations,,"representation and schedule choice from generated loops \cite{senanayake2020,ahrens2022,ahrens2023,yadav2022}. Later generalizations cover non-linear sparse array operations~\cite{henry2021} and shape-changing sparse operators",0.0
ahrens2022,paper/sections/08-evidence-related.tex,314,"Executable Evidence, Related Work, and Limitations",Sparse tensor and collection intermediate representations,,"representation and schedule choice from generated loops \cite{senanayake2020,ahrens2022,ahrens2023,yadav2022}. Later generalizations cover non-linear sparse array operations~\cite{henry2021} and shape-changing sparse operators",0.0
ahrens2023,paper/sections/08-evidence-related.tex,314,"Executable Evidence, Related Work, and Limitations",Sparse tensor and collection intermediate representations,,"representation and schedule choice from generated loops \cite{senanayake2020,ahrens2022,ahrens2023,yadav2022}. Later generalizations cover non-linear sparse array operations~\cite{henry2021} and shape-changing sparse operators",0.0
yadav2022,paper/sections/08-evidence-related.tex,314,"Executable Evidence, Related Work, and Limitations",Sparse tensor and collection intermediate representations,,"representation and schedule choice from generated loops \cite{senanayake2020,ahrens2022,ahrens2023,yadav2022}. Later generalizations cover non-linear sparse array operations~\cite{henry2021} and shape-changing sparse operators",0.0
henry2021,paper/sections/08-evidence-related.tex,315,"Executable Evidence, Related Work, and Limitations",Sparse tensor and collection intermediate representations,,"\cite{senanayake2020,ahrens2022,ahrens2023,yadav2022}. Later generalizations cover non-linear sparse array operations~\cite{henry2021} and shape-changing sparse operators \cite{root2024}. These papers demonstrate why ``an intermediate'' must be",0.0
root2024,paper/sections/08-evidence-related.tex,316,"Executable Evidence, Related Work, and Limitations",Sparse tensor and collection intermediate representations,,array operations~\cite{henry2021} and shape-changing sparse operators \cite{root2024}. These papers demonstrate why ``an intermediate'' must be identified with respect to a representation and iteration interface. Our,0.0
shaikhha2022,paper/sections/08-evidence-related.tex,322,"Executable Evidence, Related Work, and Limitations",Sparse tensor and collection intermediate representations,,Semiring dictionaries offer a functional collection representation with algebraic optimization opportunities~\cite{shaikhha2022}; Indexed Streams and the multiset compiler expose different iteration structure,0.0
kovach2023,paper/sections/08-evidence-related.tex,324,"Executable Evidence, Related Work, and Limitations",Sparse tensor and collection intermediate representations,,"the multiset compiler expose different iteration structure \cite{kovach2023,dong2026}. The comparison reinforces a central boundary of this paper: two implementations of the same multiplicity polynomial may admit",0.0
dong2026,paper/sections/08-evidence-related.tex,324,"Executable Evidence, Related Work, and Limitations",Sparse tensor and collection intermediate representations,,"the multiset compiler expose different iteration structure \cite{kovach2023,dong2026}. The comparison reinforces a central boundary of this paper: two implementations of the same multiplicity polynomial may admit",0.0
libkin1997,paper/sections/08-evidence-related.tex,332,"Executable Evidence, Related Work, and Limitations","Bag semantics, semirings, and positive computation",,"Bag query languages formalize duplicate-sensitive operations and aggregation \cite{libkin1997}; dedicated multiset treatments record the corresponding algebraic and database-specific distinctions~\cite{syropoulos2001,lamperti2001}.",0.0
syropoulos2001,paper/sections/08-evidence-related.tex,333,"Executable Evidence, Related Work, and Limitations","Bag semantics, semirings, and positive computation",,"\cite{libkin1997}; dedicated multiset treatments record the corresponding algebraic and database-specific distinctions~\cite{syropoulos2001,lamperti2001}. Provenance semirings make additive and multiplicative annotations explicit",0.0
lamperti2001,paper/sections/08-evidence-related.tex,333,"Executable Evidence, Related Work, and Limitations","Bag semantics, semirings, and positive computation",,"\cite{libkin1997}; dedicated multiset treatments record the corresponding algebraic and database-specific distinctions~\cite{syropoulos2001,lamperti2001}. Provenance semirings make additive and multiplicative annotations explicit",0.0
green2007,paper/sections/08-evidence-related.tex,335,"Executable Evidence, Related Work, and Limitations","Bag semantics, semirings, and positive computation",,"Provenance semirings make additive and multiplicative annotations explicit \cite{green2007}. Our finite calculus uses $\Nat$ multiplicities and familiar push-forward/product equations, but its resource results are not consequences",0.0
jerrum1982,paper/sections/08-evidence-related.tex,343,"Executable Evidence, Related Work, and Limitations","Bag semantics, semirings, and positive computation",,already show that subtraction and branching can change complexity \cite{jerrum1982}. Nonnegative factorization is an established matrix invariant~\cite{cohen1993}; nonnegative rank also underlies extension-complexity,0.0
cohen1993,paper/sections/08-evidence-related.tex,344,"Executable Evidence, Related Work, and Limitations","Bag semantics, semirings, and positive computation",,"\cite{jerrum1982}. Nonnegative factorization is an established matrix invariant~\cite{cohen1993}; nonnegative rank also underlies extension-complexity lower bounds~\cite{yannakakis1988,fiorini2015}, and its relationship to monotone",0.0
yannakakis1988,paper/sections/08-evidence-related.tex,345,"Executable Evidence, Related Work, and Limitations","Bag semantics, semirings, and positive computation",,"invariant~\cite{cohen1993}; nonnegative rank also underlies extension-complexity lower bounds~\cite{yannakakis1988,fiorini2015}, and its relationship to monotone computation depends on depth and operations~\cite{fournier2019}. Recent work",0.0
fiorini2015,paper/sections/08-evidence-related.tex,345,"Executable Evidence, Related Work, and Limitations","Bag semantics, semirings, and positive computation",,"invariant~\cite{cohen1993}; nonnegative rank also underlies extension-complexity lower bounds~\cite{yannakakis1988,fiorini2015}, and its relationship to monotone computation depends on depth and operations~\cite{fournier2019}. Recent work",0.0
fournier2019,paper/sections/08-evidence-related.tex,346,"Executable Evidence, Related Work, and Limitations","Bag semantics, semirings, and positive computation",,"lower bounds~\cite{yannakakis1988,fiorini2015}, and its relationship to monotone computation depends on depth and operations~\cite{fournier2019}. Recent work continues to study the stricter nonnegative integer variant",0.0
gouveia2026,paper/sections/08-evidence-related.tex,348,"Executable Evidence, Related Work, and Limitations","Bag semantics, semirings, and positive computation",,continues to study the stricter nonnegative integer variant \cite{gouveia2026}. We therefore claim neither the rank notion nor a general rank characterization of fusion; the theorem identifies its exact operational,0.0
debray1993,paper/sections/08-evidence-related.tex,357,"Executable Evidence, Related Work, and Limitations",Resource semantics and lower-bound models,,"recurrences in the presence of failure and multiple solutions \cite{debray1993}. Type-based amortized analysis infers heap bounds from resource annotations~\cite{hofmann2003}, and its multivariate extension infers",0.0
hofmann2003,paper/sections/08-evidence-related.tex,358,"Executable Evidence, Related Work, and Limitations",Resource semantics and lower-bound models,,"\cite{debray1993}. Type-based amortized analysis infers heap bounds from resource annotations~\cite{hofmann2003}, and its multivariate extension infers polynomial bounds~\cite{hoffmann2012}. Denotational cost semantics validates",0.0
hoffmann2012,paper/sections/08-evidence-related.tex,359,"Executable Evidence, Related Work, and Limitations",Resource semantics and lower-bound models,,"resource annotations~\cite{hofmann2003}, and its multivariate extension infers polynomial bounds~\cite{hoffmann2012}. Denotational cost semantics validates recurrence extraction for higher-order programs with inductive data",0.0
danner2015,paper/sections/08-evidence-related.tex,361,"Executable Evidence, Related Work, and Limitations",Resource semantics and lower-bound models,,recurrence extraction for higher-order programs with inductive data \cite{danner2015}; lower-runtime-bound inference develops a complementary under-approximating pipeline~\cite{frohn2020}. Our capability signature has a,0.0
frohn2020,paper/sections/08-evidence-related.tex,362,"Executable Evidence, Related Work, and Limitations",Resource semantics and lower-bound models,,\cite{danner2015}; lower-runtime-bound inference develops a complementary under-approximating pipeline~\cite{frohn2020}. Our capability signature has a different purpose---fixing information channels for an exact optimum---but,0.0
hong1981,paper/sections/08-evidence-related.tex,367,"Executable Evidence, Related Work, and Limitations",Resource semantics and lower-bound models,,The red-blue pebble game defines legal graph and memory moves before proving I/O bounds~\cite{hong1981}. External-memory analysis similarly fixes block transfers and internal capacity~\cite{aggarwal1988}; communication-avoiding linear algebra derives,0.0
aggarwal1988,paper/sections/08-evidence-related.tex,368,"Executable Evidence, Related Work, and Limitations",Resource semantics and lower-bound models,,I/O bounds~\cite{hong1981}. External-memory analysis similarly fixes block transfers and internal capacity~\cite{aggarwal1988}; communication-avoiding linear algebra derives matching consequences only after fixing an algorithmic and memory model,0.0
ballard2011,paper/sections/08-evidence-related.tex,370,"Executable Evidence, Related Work, and Limitations",Resource semantics and lower-bound models,,matching consequences only after fixing an algorithmic and memory model \cite{ballard2011}. Changing which partial computations may consume values changes pebbling complexity,0.0
papp2025,paper/sections/08-evidence-related.tex,372,"Executable Evidence, Related Work, and Limitations",Resource semantics and lower-bound models,,computations may consume values changes pebbling complexity \cite{papp2025}. One-way communication complexity fixes the parties' views and charged message before counting states or bits~\cite{kushilevitz1997}. These,0.0
kushilevitz1997,paper/sections/08-evidence-related.tex,373,"Executable Evidence, Related Work, and Limitations",Resource semantics and lower-bound models,,"\cite{papp2025}. One-way communication complexity fixes the parties' views and charged message before counting states or bits~\cite{kushilevitz1997}. These models support, rather than remove, capability indexing. Our no-denotation",0.0
fradet1991,paper/sections/08-evidence-related.tex,381,"Executable Evidence, Related Work, and Limitations",Transformation correctness and certificates,,"Program transformation research provides several proof disciplines: sequences of semantics-preserving transformations~\cite{fradet1991}, automatic series-to-loop conversion~\cite{waters1991}, local-improvement theorems",0.0
waters1991,paper/sections/08-evidence-related.tex,382,"Executable Evidence, Related Work, and Limitations",Transformation correctness and certificates,,"of semantics-preserving transformations~\cite{fradet1991}, automatic series-to-loop conversion~\cite{waters1991}, local-improvement theorems \cite{sands1996}, graph rewriting frameworks~\cite{assmann2000}, temporal-logic",0.0
sands1996,paper/sections/08-evidence-related.tex,383,"Executable Evidence, Related Work, and Limitations",Transformation correctness and certificates,,"series-to-loop conversion~\cite{waters1991}, local-improvement theorems \cite{sands1996}, graph rewriting frameworks~\cite{assmann2000}, temporal-logic side conditions~\cite{kalvala2009}, and dependence-aware task transformations",0.0
assmann2000,paper/sections/08-evidence-related.tex,383,"Executable Evidence, Related Work, and Limitations",Transformation correctness and certificates,,"series-to-loop conversion~\cite{waters1991}, local-improvement theorems \cite{sands1996}, graph rewriting frameworks~\cite{assmann2000}, temporal-logic side conditions~\cite{kalvala2009}, and dependence-aware task transformations",0.0
kalvala2009,paper/sections/08-evidence-related.tex,384,"Executable Evidence, Related Work, and Limitations",Transformation correctness and certificates,,"\cite{sands1996}, graph rewriting frameworks~\cite{assmann2000}, temporal-logic side conditions~\cite{kalvala2009}, and dependence-aware task transformations \cite{nandivada2013}. Capabilities have also been used in type systems to make",0.0
nandivada2013,paper/sections/08-evidence-related.tex,385,"Executable Evidence, Related Work, and Limitations",Transformation correctness and certificates,,"side conditions~\cite{kalvala2009}, and dependence-aware task transformations \cite{nandivada2013}. Capabilities have also been used in type systems to make memory authority explicit~\cite{walker2000}. Tight constructive memory results",0.0
walker2000,paper/sections/08-evidence-related.tex,386,"Executable Evidence, Related Work, and Limitations",Transformation correctness and certificates,,\cite{nandivada2013}. Capabilities have also been used in type systems to make memory authority explicit~\cite{walker2000}. Tight constructive memory results in the polyhedral model pair a lower bound with an allocation procedure under a,0.0
quillere2000,paper/sections/08-evidence-related.tex,388,"Executable Evidence, Related Work, and Limitations",Transformation correctness and certificates,,in the polyhedral model pair a lower bound with an allocation procedure under a fixed schedule representation~\cite{quillere2000}. The present certificates are narrower: they pair bag equivalence with one machine-specific resource,0.0
necula1997,paper/sections/08-evidence-related.tex,393,"Executable Evidence, Related Work, and Limitations",Transformation correctness and certificates,,"Proof-carrying code and translation validation separate an untrusted producer from a smaller validation condition~\cite{necula1997,pnueli1998,lopes2021}. Our rank and cache packets follow that architecture at a tiny scale: search may be complex,",0.0
pnueli1998,paper/sections/08-evidence-related.tex,393,"Executable Evidence, Related Work, and Limitations",Transformation correctness and certificates,,"Proof-carrying code and translation validation separate an untrusted producer from a smaller validation condition~\cite{necula1997,pnueli1998,lopes2021}. Our rank and cache packets follow that architecture at a tiny scale: search may be complex,",0.0
lopes2021,paper/sections/08-evidence-related.tex,393,"Executable Evidence, Related Work, and Limitations",Transformation correctness and certificates,,"Proof-carrying code and translation validation separate an untrusted producer from a smaller validation condition~\cite{necula1997,pnueli1998,lopes2021}. Our rank and cache packets follow that architecture at a tiny scale: search may be complex,",0.0
leroy2009,paper/sections/08-evidence-related.tex,396,"Executable Evidence, Related Work, and Limitations",Transformation correctness and certificates,,"but a witness and local potential inequalities are checked by separately written code. Unlike CompCert-style verified compilation~\cite{leroy2009}, neither producer nor checker is verified, and much of the metatheory remains a",0.0
